theme,2026-01,2026-02,2026-03,2026-04,acc
agent-session,4,582,621,442,0
apps-mobile,5,267,222,96,0
browser-tools,4,293,397,291,0
canvas-ui-web,1,356,315,391,0
channels-messaging,6,1280,2105,1405,0
ci-build-infra,5,2576,2880,2602,0
cron-schedule,1,239,190,166,0
docs-i18n,3,554,675,693,0
image-video-media,0,236,237,245,0
memory-context,7,348,446,456,0
models-providers,5,445,890,970,1
onboarding-setup,0,557,607,422,0
security-sandbox,1,1098,1009,655,0
skills-hub,0,146,145,55,0
uncategorized,6,1106,1483,1323,0
voice-audio,1,168,178,124,0
webhooks-integrations,0,101,91,36,0
